{"cameraMode":{"drawMode":0,"name":"Shaded","section":"Shading Mode"},"sceneLighting":false,"audioPlay":false,"sceneViewState":{"m_AlwaysRefresh":false,"showFog":true,"showSkybox":false,"showFlares":true,"showImageEffects":true,"showParticleSystems":true,"showVisualEffectGraphs":true,"m_FxEnabled":true},"in2DMode":false,"pivot":{"x":8.558429718017579,"y":9.323125839233399,"z":-2.9657106399536135},"rotation":{"x":0.3908669054508209,"y":0.04139773175120354,"z":-0.017601678147912027,"w":0.9193540811538696},"size":0.8660253882408142,"orthographic":false}